comment,score,created_utc
"Some implied moves for earnings next week( up or down degenerates) -136 companies reporting:

[$NVDA](https://x.com/search?q=%24NVDA&src=cashtag_click) 9.8%  
[$SNOW](https://x.com/search?q=%24SNOW&src=cashtag_click) 11.6%  
[$PANW](https://x.com/search?q=%24PANW&src=cashtag_click) 8.8%  
[$WMT](https://x.com/search?q=%24WMT&src=cashtag_click) 5.3%  
[$LOW](https://x.com/search?q=%24LOW&src=cashtag_click) 4.3%  
[$TGT](https://x.com/search?q=%24TGT&src=cashtag_click) 9.0%  
[$ESTC](https://x.com/search?q=%24ESTC&src=cashtag_click) 16.9%  
[$ROST](https://x.com/search?q=%24ROST&src=cashtag_click) 6.3%  
[$NTAP](https://x.com/search?q=%24NTAP&src=cashtag_click) 8.0%  
[$BIDU](https://x.com/search?q=%24BIDU&src=cashtag_click) 6.4%  
[$PDD](https://x.com/search?q=%24PDD&src=cashtag_click) 9.4%  
[$DE](https://x.com/search?q=%24DE&src=cashtag_click) 5.5%  
[$JACK](https://x.com/search?q=%24JACK&src=cashtag_click) 15.9%  
[$TJX](https://x.com/search?q=%24TJX&src=cashtag_click) 4.7%  
[$WIX](https://x.com/search?q=%24WIX&src=cashtag_click) 13.3%  
[$DY](https://x.com/search?q=%24DY&src=cashtag_click) 14.4%  
[$WSM](https://x.com/search?q=%24WSM&src=cashtag_click) 13.7%  
[$INTU](https://x.com/search?q=%24INTU&src=cashtag_click) 5.5%  
[$GAP](https://x.com/search?q=%24GAP&src=cashtag_click) 13.2%  
[$CPRT](https://x.com/search?q=%24CPRT&src=cashtag_click) 7.2%   
[$MDT](https://x.com/search?q=%24MDT&src=cashtag_click) 3.7%  
[$ZTO](https://x.com/search?q=%24ZTO&src=cashtag_click) 11.0%  
[$NIO](https://x.com/search?q=%24NIO&src=cashtag_click) 11.8%  
[$FUTU](https://x.com/search?q=%24FUTU&src=cashtag_click) 10.1%  
[$XPEV](https://x.com/search?q=%24XPEV&src=cashtag_click) 11.2%  
[$SCVL](https://x.com/search?q=%24SCVL&src=cashtag_click) 13.3%  
[$SYM](https://x.com/search?q=%24SYM&src=cashtag_click) 19.7%",84,1731858258.0
"since I just did the work; you can copy paste this into a notepad file, save and import to tradingview watchlist for all the tickers in order of earnings:

NASDAQ:BTBT,NASDAQ:BTDR,NASDAQ:EH,NYSE:BRC,NASDAQ:TWST,NASDAQ:MOND,NASDAQ:CLRB,NASDAQ:SYM,NASDAQ:TCOM,NYSE:BRBR,NYSE:TUYA,NYSE:ACM,NASDAQ:ZENV,NASDAQ:IIIV,NASDAQ:NRXP,NYSE:WMT,NASDAQ:WKHS,NYSE:LOW,NYSE:XPEV,NYSE:MDT,NASDAQ:FUTU,NYSE:VIPS,NYSE:VIK,NASDAQ:ATAT,NYSE:MYTE,NASDAQ:POWL,NYSE:AZEK,NYSE:KEYS,NYSE:ZTO,NYSE:LZB,NYSE:KORE,NYSE:DLB,NYSE:DNMR,NASDAQ:SBLK,NASDAQ:QFIN,NYSE:NIO,NYSE:TGT,NYSE:ZIM,NYSE:TJX,NASDAQ:WIX,NYSE:DY,NYSE:WSM,NYSE:BERY,NASDAQ:GLBE,NYSE:RERE,NASDAQ:NVDA,NYSE:SNOW,NASDAQ:PANW,NASDAQ:JACK,NYSE:CPA,NYSE:SQM,NYSE:MMS,NYSE:CCIF,NASDAQ:ESEA,NYSE:BBAR,NASDAQ:BIDU,NASDAQ:PDD,NYSE:DE,NYSE:BJ,NYSE:VSTS,NASDAQ:WMG,NYSE:BEKE,NASDAQ:IQ,NASDAQ:NNOX,NASDAQ:SCVL,NASDAQ:INTU,NYSE:ESTC,NYSE:GAP,NASDAQ:ROST,NASDAQ:NTAP,NASDAQ:CPRT,NYSE:UGI,NASDAQ:MATW,NYSE:NGVC,NASDAQ:LGTY,NYSE:GB,NASDAQ:ADXN

  
[https://www.tradingview.com/support/solutions/43000487233-how-to-import-or-export-watchlist/](https://www.tradingview.com/support/solutions/43000487233-how-to-import-or-export-watchlist/)

  
I know... I know.... only NVDA matters ![img](emote|t5_2th52|4260)",65,1731689397.0
NVDA earnings will set the tone for the market from now until Trump takes office; and then his tweets/truth-social posts will dictate everything for the next 4 years.,60,1731683568.0
"**Summary for Weekly Earnings Thread 11/18 - 11/22**

1️⃣ **Market Vibe Check**: 📉 The sentiment is mixed but leaning bearish ahead of major earnings reports next week, with traders on edge about NVDA's upcoming release setting the tone for tech. Concerns over inflation and macroeconomic indicators are also adding to caution.

2️⃣ **Top Stock Plays**: 
- **[$NVDA](https://x.com/search?q=%24NVDA&src=cashtag_click)**: 🎢 High anticipation; expecting volatility. If they beat, bulls could charge, but a miss could send shockwaves.
- **[$WMT](https://x.com/search?q=%24WMT&src=cashtag_click)**: 🎯 Calls are popular; traders are banking on holiday sales driving a 90 strike jump post-earnings. Watch for consumer sentiment.
- **[$SNOW](https://x.com/search?q=%24SNOW&src=cashtag_click)**: ❄️ Mixed feelings; historically volatile post-earnings. Expecting a possible bounce but high risk due to recent downgrades.
- **[$PANW](https://x.com/search?q=%24PANW&src=cashtag_click)**: 🔒 Buzz around calls; history shows the stock dips post-earnings despite beating.

3️⃣ **Rising Stars**: 
- **[$SYM](https://x.com/search?q=%24SYM&src=cashtag_click)**: 🚀 Surging mentions; potential breakout play, currently gaining momentum.
- **[$ZTO](https://x.com/search?q=%24ZTO&src=cashtag_click)**: 📦 Increasing chatter as interest builds; traders looking for a dip buy opportunity based on earnings.

4️⃣ **Hidden Gems**: 
- **[$JACK](https://x.com/search?q=%24JACK&src=cashtag_click)**: 🍔 Strong positive vibes from recent earnings; could attract more attention post-earnings.
- **[$GAP](https://x.com/search?q=%24GAP&src=cashtag_click)**: 👖 Possible recovery play; analysts hint at potential upside after recent underperformance.

5️⃣ **Forecast & Actionable Insights**: 
- **$NVDA**: ⚠️ If you're risking it, consider a straddle to capitalize on expected volatility; timing is key. Maybe grab puts if you're bearish.
- **$WMT**: 💡 Lock in some profits from calls pre-earnings; market seems to expect a pop, but be prepared for a sell-off.
- **$SNOW**: ☃️ Short puts might be a way to capitalize on a rebound if the market gives it a bump after earnings.
- **Diversify**: 🌪️ Keep an eye on correlated tech stocks like $MU for hedging NVDA plays to manage risk better.

[View Discussion](https://i.redd.it/81m4ue5uy21e1.jpeg)",179,1731897923.0
"many assumes NVDA goes down (including me) cuz everything is priced in already, but I don't have balls to buy puts. will just sit and watch 😄",36,1731849363.0
NVDA did not create an AI wormhole to teleport us to the other side of the universe. Therefore stock goes down,33,1732138026.0
NVDA earnings broke Reddit again and it hasn't even started moving yet :4271:,33,1732137210.0
So NVDA 160 eow,29,1732138070.0
Lol why is reddit down on nvda earning day again,28,1732138314.0
I will never financially recover from this NVDA,24,1732137692.0
"Either you die or you soar NVDA, none of this flat shit",20,1732137993.0
NVDA dead and flat. All calls and puts smoked. Thanks for playing.,21,1732139558.0
"You don’t need daily chart to look at NVDA price action regards.

You’re crashing the whole site. ![img](emote|t5_2th52|27421)",19,1732137045.0
NVDA calls,19,1731683347.0
"NVDA got off the mat. Eyes are glowing, leather is shining. Time to rip",18,1732140620.0
Nervous poopin pants daily until nvda,17,1731684043.0
Big v shape recovery for NVDA. Relax fellas,16,1732137909.0
"Bulls “Bears are fucked”, Bears “Bulls are fucked” NVDA “You’re both fucked”",16,1732139233.0
"NVDA earnings, here we gooooo",14,1731697646.0
"okay guys we all really need NVDA to blowout earnings Wednesday or else this market is cooked (especially the semiconductor industry, like SOXL) ![img](emote|t5_2th52|4267)![img](emote|t5_2th52|4267)![img](emote|t5_2th52|4267)",14,1731800635.0
NVDA earnings crashed Reddit servers ![img](emote|t5_2th52|31225),16,1732137200.0
Theta gang gonna win this NVDA earnings day,16,1732140397.0
"Reddit servers mysteriously crash on the exact same time NVDA reported earnings last Q, hmm. MM cucks, yall listening?![img](emote|t5_2th52|4640)",14,1732138457.0
The news is phenomenal for NVDA. This AH dip is just artificial from MMs to spook retail and gobble up shares at a discount.,15,1732139075.0
"*NVDA: Demand is outpacing supply...*

Market: Short this garbage to the ground. Let's go buy MSTR.",15,1732139242.0
!banbet NVDA 155 1w,12,1731702175.0
You can't spell NVDA without the V,12,1732137898.0
Sike! Nvda ain't actually going anywhere.,13,1732137909.0
Good thing I didn't hold any calls through these NVDA earnings. Literally expect NVDA to face rip green tomorrow if it holds above $135-140.,13,1732138353.0
Reddit needs some NVDA chips. Whatever garbage they're running on needs to be thrown in the trash 🗑️,13,1732138886.0
"**NVDA GANG**

11/20 will decide the fate of the next quarter for the markets. Go Long or forever hold your peace.


*Stay Safe*",36,1731687836.0
If anyone wants to play nvda play mu to not get IV crushed. They’re highly correlated and move together during almost all major events including earnings,11,1731837786.0
Everybody pimping nvda ![img](emote|t5_2th52|52627),12,1732071795.0
So NVDA 160 tomorrow,12,1732139642.0
The only reason NVDA is going down is because of the shitty mic.,11,1732140338.0
"If NVDA tanks on earning it’s bringing sp500 with it.
Inflation is not contained, labor report is not trust worthy. Media wants us to think everything is alright when it’s really not..
Everything is overvalued and expensive. Major consolidation is must needed before bubble gets even bigger. Trump euphoria just showed how market makes idiotic moves by making TSLA a trillion dollar company",28,1731760983.0
"If NVDA shits the bed, the whole market will be selling off til late Jan. When daddy Trump goes into office the market will start rebounding. With that being said. I just dumped 1k into NVDA calls lol",24,1732127535.0
NVDA DOUBLES revenue and the stock is more or less flat ?!? 👀,25,1732140406.0
my NVDA calls are -40% right now 😢,10,1731703999.0
"Holding ZIM calls 🚀, plan to buy Walmart calls, Nvda calls.. 

Been on a crazy run, hit RKLB, DIS, LUNR (I cashed right before the dip), AFRM, PLTR… lost on HD, BABA..",12,1731765094.0
NVDA to the moon 🌝 🚀,11,1732118193.0
Cmon NVDA!!,9,1731693894.0
nvda going push spy to 669,10,1731705349.0
"NVDA: ""What this market want from a ninja?""",10,1732138803.0
Nvda whyyy![img](emote|t5_2th52|31225),11,1732138832.0
"Fuck nvda 
Fuck reddit too",10,1732138881.0
NVDA gang members? ![img](emote|t5_2th52|4276),29,1732066519.0
NVDA earnings have become bigger thing than JPOW stupid interest rates and SPY earnings calls.,19,1731710037.0
IV gonna fuck yall asses tomorrow on NVDA,18,1732050451.0
"NVDA dropping because it didn't beat earnings by 1,000,000%",18,1732138441.0
Fake dip. NVDA huge bull move tomorrow +4-7%.,19,1732139482.0
So stupid not to have bought that NVDA 141c 11/15 at 1:30 when it was at .15...  literally watched that fly right by.  I was looking for an EOD and that was it.,9,1731702856.0
NVDA beat across the board,8,1732137770.0
Shit NVDA is falling. I hoped NVDA will raise and all tech stocks will follow it. Now my SPY and QQQ calls will go down.,9,1732137910.0
What exactly does NVDA want to do?,8,1732138232.0
NVDA LETS GOOOOO,9,1732138478.0
"NVDA is trying to tank, but the world is keeping it up like theyre sending Ki for the big bang. tomorrow will be nice",9,1732139212.0
"With this outlook, NVDA 165+ by EOY",9,1732140096.0
NVDA gonna hit earnings and barely miss guidance,17,1731692462.0
NVDA will run tomorrow,16,1732138906.0
been full ported in nvda calls since the august drop. planning to hold all of it through earnings ![img](emote|t5_2th52|4276),7,1731690342.0
What’s the most regarded nvda play someone can bet 500 bucks on,7,1732036348.0
nVda,8,1732137979.0
Reddit better buys some NVDA chips to let their servers run properly.,8,1732138455.0
This happened the last time nvda earning,8,1732138509.0
"WMT calls. 

NVDA straddle, but I think puts are the play. They'd need some of the most insane numbers to break $150",15,1731683649.0
"Did NVDA confirm exponential and infinite growth forecasts? If not, of course they'll go down because they didn't confirm everyone's regarded expectations.",15,1732137918.0
Nvda recovered to the moon we go,15,1732140527.0
"What are we calling on nvda , it can’t push lower right ![img](emote|t5_2th52|4260)",8,1731688252.0
!banbet NVDA 149.69 1w,8,1731706312.0
"I have a hard time believing that the market makers would allow the world’s largest company, a US company, tank 2 weeks after Orange Man gets the win. Could be the hopium talking, though. LFG NVDA.",8,1731784033.0
aw shit here we go again NVDA ![img](emote|t5_2th52|29637),7,1731790444.0
Banbet 135$ NVDA 1d,8,1732137681.0
Bought the NVDA dip,7,1732137847.0
The actual nvda pump will commence next week right? Right? ![img](emote|t5_2th52|4260),13,1732145123.0
NVDA strangle holders...strangled,14,1732148739.0
NVDA is the only thing that matters. If ER and guidance beat expectations 🚀. Else the 🐻 will party,13,1731683788.0
!banbet NVDA 150 1w,6,1731704908.0
"Nearly caught the bottom today on the NVDA 145c, got it at $5.05. Hoping this pumps monday and tuesday so i leave with the gains.",6,1731723918.0
Is all this IV on SPY just in anticipation of NVDA earnings or am i missing something?,6,1732132936.0
Nvda needs to stop phunkin with my heart,6,1732138021.0
Puts on NVDA cause they can still beat expectations and go down lol,16,1731888820.0
NVDA is fighting like a lion boys,11,1732139165.0
NVDA 🍆🍆🍆🚀🚀🚀🚀🚀🚀🚀🚀🚀🚀🚀🚀🚀,9,1732049402.0
"In the last NVDA earnings, the big dip didn’t come until day 2",10,1732139638.0
"cant decide how i want to play these nvda earnings
last time we had great earnings but lower guidance killed the gainz",5,1732132166.0
ruh roh nvda.  let the dump commence,4,1732137652.0
link to nvda earnings call?,5,1732137797.0
What's NVDA doing? Temped to put a buy order...,5,1732138415.0
We either tank a lot or moon a bit next few days for NVDA,6,1732138583.0
"My NVDA DEC 160 calls are cooked. Looks like Santa is doing a flyby my house this year. Sorry kids, you can blame Reddit being down for no gifts",5,1732138710.0
"Reddit servers can't handle nvda chatter, but stock was up. Hmmm, what Celeron PC server you running there. Nvidia destroys earnings, stock down.![img](emote|t5_2th52|4260)",5,1732145951.0
So is there any moves tomorrow ![img](emote|t5_2th52|4271) gotta get these NVDA losses back,5,1732146886.0
NVDA already recovered before the bell but no one buying options won.,5,1732196840.0
"NVDA is still the play. Rich assholes have nowhere else to put their money. NVDA is like a shitcoin, but better. See y'all tomorrow!",9,1732139150.0
The call could save NVDA. Please say some amazing shit,9,1732140182.0
!banbet nvda 150 1w,7,1731705928.0
Anyone here strangle play on NVDA earnings?,4,1731698772.0
"You guys think NVDA gonna set the market? 

Also does SNOW always fall on earnings wtf? Seems like every earnings this year they've tanked",4,1731709881.0
What are we thinking about the nvda and meta hearing?,4,1731714639.0
Other than NVDA is there anything else for the week you guys or ladies looking at?,4,1732076490.0
"SNOW showing up NVDA, embarrassing ![img](emote|t5_2th52|31225)",5,1732137566.0
"Why nvda not doing anything 
I guess i have to go back to papa jensen and return this to him 
As it has stopped working.",3,1732137699.0
Holding my very very few nvda calls to Valhalla. Stocks too. Tomorrow when the sun rises the world will know and will want to be a part of it. VAMOOOOOOSSSSS!!!,5,1732139143.0
I’m still in for NVDA ![img](emote|t5_2th52|8883),5,1732139232.0
NVDA ![img](emote|t5_2th52|29637)![img](emote|t5_2th52|4276)![img](emote|t5_2th52|8882)![img](emote|t5_2th52|4258),5,1732195489.0
The recovery on NVDA is a beautiful sight,5,1732195897.0
NVDA $160 tomorrow 😎,12,1732137811.0
Nvda calls for earnings?,7,1731949988.0
MY NVDA CALLS BETTER PRINT TF,7,1732139448.0
"After my NVDA puts print, I will buy 10 leather jackets like those won by uncle Jensen.",11,1732110705.0
Slightly nervous about my NVDA calls,7,1732071138.0
NVDA puts ,8,1731789380.0
nvda flat again into market sell off?!,3,1731685866.0
NVDA flips green in pre market. The post earnings comeback story of the year.,3,1732195036.0
Nvda 150c at open,3,1732195839.0
"Nvda trap…

What happen with goog?",3,1732199905.0
ok NVDA lets go green,3,1732213738.0
Anyone else buying nvda puts or am I crazy,3,1731831926.0
"$$$$$$$$$$$$$$$$$$$$$$$


NVDA



$$$$$$$$$$$$$$$$$$$$$$$$$$$$$$$",5,1732049798.0
"Ok, bulls. What's the play for tomorrow, got to get some parallel gains going along with NVDA tomorrow?",4,1732147936.0
How many people sold NVDA and r about to have sellers remorse🤡🚀,5,1732206815.0
Smart money moving from NVDA to MSTR,5,1732138138.0
It’s way too bullish for NVDA in here. It’s going to dump I can feel it. Tarrifs on the horizon and just the overwhelming hype I don’t think it can live up to. It’s dumping… also it dumped last earnings too,5,1732120627.0
"Going to bet on NVDA and going to bet Reddit gets some new Blackwell chips 

Bullish",2,1732139041.0
Holding my very very few nvda calls to Valhalla. Stocks too. Tomorrow when the sun rises the world will know and will want to be a part of it. VAMOOOOOOSSSSS!!!,2,1732139044.0
NVDA is going to close at the exact same price it closed at yesterday isn't it?,2,1732211253.0
NVDA bears in shambles. $145C weeklies printing in the AM,4,1732139322.0
"dumb question would straddling SPY make more sense than straddling NVDA since if the latter tanks or flies, it’ll directly correlate?",4,1732130669.0
Imagine being regarded trying to gamble for 0.1x on NVDA when you could have made 20x on 0DTE SPX in 30 mins.,3,1732139668.0
"NVDA to miss, so I can enjoy how world burns",4,1731792829.0
Am I regarded to buy nvda 200$ calls for Dec 27 2024?,3,1732118555.0
just buy NVDA lol some of ya'll are so dumb,1,1732140128.0
NVDA pump at open and then huge dip,4,1732198613.0
!banbet NVDA 130 1w,3,1731703310.0
NVDA 175c are gonna print,3,1731690093.0
"People will sell off NVDA during the next days and weeks. It‘s still a solid stock but it‘s not gonna grow exponentially for now. People will look for the next hype to jump on.

It has become just another tech stock",1,1732140141.0
 Saw there were like 5M worth of NVDA 50C. Are deep ITM calls bullish or bearish,1,1732122384.0
We could get some good guidance too during the call for nvda could help,1,1732139320.0
NVDA governors are off gentlemen. Hold onto your dicks.,1,1732197244.0
Anyone use qtrade? It doesn’t update options pricing until 20mins after the bell. Also doesnt allow me to market sell. Missed out on Nvda at 150,1,1732200044.0
"It’s over, NVDA down. Go home ![img](emote|t5_2th52|31226)",1,1732138392.0
"It's time for NVDA to start paying a dividend and moving like the rest of the mega caps. The euphoria is over, guys.

I'm not saying it won't go up in the future, but it's grown to its industry peak. Unless Nvidia starts branching out into other products, it's a dividend play.",0,1732138893.0
Nvda go down you bitch ![img](emote|t5_2th52|27421),-5,1732139404.0
NVDA ceiling has been hit. Puts are ez money. Best time to go in is now. 50% puts 50% NVDQ ![img](emote|t5_2th52|53057)![img](emote|t5_2th52|53057)![img](emote|t5_2th52|53057),-4,1732031680.0
"It's time for NVDA to start paying a dividend and moving like the rest of the mega caps. The euphoria is over, guys.

I'm not saying it won't go up in the future, but it's grown to its industry peak. Unless Nvidia starts branching out into other products, it's a dividend play.",-3,1732138899.0
DIE NVDA DIE! ![img](emote|t5_2th52|27421),-4,1732139867.0
Mag 7 pulling the market down today…. NVDA On copium rn.,-2,1732200229.0
NVDA big earnings miss,-7,1732194201.0
"NVDA beats will go up some, misses and we can see a major correction.",10,1731879131.0
"just wondering how these get determined. shouldn’t it just be the bigger the beat/miss the bigger the move? like why does something like apple usually move less than 5% on earnings no matter how good/bad it is while nvda always has a much bigger move, excluding their most recent earnings where i believe they were down 6 or 7%, in contrast to the usual 10-15% move",2,1731874407.0
"Thanks for the pic re: earnings thread. Not sure what's going to happen with NVDA because semi's have rolled over of late. Could go either way, but I wouldn't bet against Jenson. I'll be looking at TCOM, WMT, VIK, INTU only because tech has been pulling back. Do you have any faves?",2,1731691346.0
I think it's gonna be a repeat but on a smaller scale. Id shit my pants if nvda actually ripped up past 150,8,1731716552.0
"**Ban Bet Created:** **/u/strictlyPr1mal** bet **NVDA** goes from **142.12** to **155.0** before **22-Nov-2024 03:23 PM EST**

Their record is 8 wins and 6 losses.

[**Join WSB Discord**](http://discord.gg/wsbverse)",7,1731702185.0
"Not really, NVDA dumped last time and most of the market still broke ATH several times.",15,1731688159.0
"Looking for markets to finish correcting, but should hold, and a good chance will then go higher into year end to avoid year end tax implications. Thinking Jan. 2025 will bring selling. As for NVDA, don't know, but semi's are rolling over. JMO",2,1731692735.0
This little stock you probably haven't heard of. NVDA,6,1731945131.0
NVDA and QQQ will crash hard after today,1,1732102263.0
Feeling that the sp500 has a building up to near ATH into the NVDA Wednesday earnings and then has a big pull back when NVDA misses.,4,1731801699.0
"Ask yourself, when was the last time nvda tanked in 3rd quarter earnings?",4,1731776086.0
"Hmm what about santa rally? Unless NVDA reallly under delivers, seems hard to kill that seasonal tradition.",1,1732130544.0
Pumping before earnings is probably the worst scenario for NVDA....I think it may pump to 150 and retest ATHs and then sell off AH after earnings,9,1732045063.0
"If you go back and look at NVDA ER charts, you will see, NVDA likes to touch the 20ma and then it is free to shoot upwards. I think that because it went below 20ma and only today it went above the 20ma, it has a really good chance that it'll get that 8% jump and just go up up  up.  Like I might just go calls to the wall with it this time. Especially because crypto mining is also about to come back into fashion in a big way. The BTC are ALMOST worth the electricity cost now.",2,1732056404.0
"**Ban Bet Created:** **/u/just23x3_4fun** bet **NVDA** goes from **141.99** to **149.69** before **22-Nov-2024 04:31 PM EST**

Their record is 1 wins and 2 losses.

[**Join WSB Discord**](http://discord.gg/wsbverse)",4,1731706315.0
Buy NVDA puts and make me some juicy loss porn ![img](emote|t5_2th52|31224),2,1731962026.0
"NVDA IS GOING TO EXPLODE ITS PROFITS AND WILL DOWN THIS WEEK TO 125, THEN IT WILL REACH 160",9,1732115840.0
"**Ban Bet Created:** **/u/naked_space_chimp** bet **NVDA** goes from **141.98** to **150.0** before **22-Nov-2024 04:08 PM EST**

Their record is 0 wins and 0 losses.

[**Join WSB Discord**](http://discord.gg/wsbverse)",3,1731704915.0
"calls on nvda, puts on spy",3,1732133042.0
NVDA calls,8,1732053896.0
"**Ban Bet Created:** **/u/Will018** bet **NVDA** goes from **142.0** to **150.0** before **22-Nov-2024 04:25 PM EST**

Their record is 0 wins and 1 losses.

[**Join WSB Discord**](http://discord.gg/wsbverse)",2,1731705933.0
"Nvda 155c, panw 360p",2,1732043643.0
You already have a bet going - NVDA to 130.0 before 21-Nov-2024 02:01 PM -05,2,1732138993.0
"Damn, every candle that makes me think ""that's it, its gonna drop now, I should get puts""; NVDA just bounces up even higher. It's feeling like a 4 Trilli stock about to come into existence.",2,1732049129.0
"Also, I dont want to sound crazy, but I am. I think as long as we see meme stonk pumpin, and the craptos pumpin, you gotta buy calls on the mag7, NVDA, or just the QQQ/TQQQ",2,1732049272.0
"I played nvda puts last earnings and managed to lose on IV crush even though the stock went down. I’m just gonna wait until after earnings this time. I did well playing Tesla and Upstart post earnings, gonna do the same thing here.

Oh also something that’s happened kind of often is a stock pumping up in the morning after earnings, and then having it’s pump completely sold off, sometimes even to the point it goes lower than what it was before earnings. But a sell off of that size could happen over at least several days. By waiting until after earnings I’ll also be safe if that happens.",4,1731863474.0
"Post earning is always the play![img](emote|t5_2th52|12787)if it goes up great i'll get some calls, if it goes down great I'll get some cheaper calls because it's fucking NVDA!",7,1731867229.0
"**Unstoppable force**(retail sentiments being way too bullish) vs **Immovable object**(analysts lowered everything because of tariffs, SMCI book cooking, global tension, and market all fomo-ing into bitcorn related stocks because NVDA has been trading sideways with low to negative returns so everyone stopped giving a shit)",2,1732122374.0
NVDA going to drag the whole market down Thursday and Friday,1,1732040839.0
"**Ban Bet Created:** **/u/iGunslinger** bet **NVDA** goes from **141.68** to **130.0** before **22-Nov-2024 03:42 PM EST**

Their record is 0 wins and 2 losses.

[**Join WSB Discord**](http://discord.gg/wsbverse)",8,1731703323.0
"**Ban Bet Created:** **/u/boris__15** bet **NVDA** goes from **142.03** to **152.0** before **22-Nov-2024 04:20 PM EST**

Their record is 0 wins and 0 losses.

[**Join WSB Discord**](http://discord.gg/wsbverse)",2,1731705632.0
"I got puts, but lost my shirt on NVDA so inverse me",2,1732214516.0
"**Ban Bet Created:** **/u/3Sayndre** bet **NVDA** goes from **142.12** to **180.0** before **22-Nov-2024 04:49 PM EST**

Their record is 0 wins and 0 losses.

[**Join WSB Discord**](http://discord.gg/wsbverse)",5,1731707365.0
"Im assuming it's because they've been on a such a rip this year. Similar to NVDA how they blew expectations out of the water every earnings, they didn't quite suprise enough is my guess.

I see this as a sweet dip for shares. No way in hell are we slowing down on electrical upgrades across our grid.",1,1732106584.0
You already have a bet going - NVDA to 165.0 before 07-Dec-2024 01:18 AM -05,6,1732139210.0
"yeah except miss is not an option, not this quarter or next year.

the 2 real options are

NVDA beats and guidance in line with expectations, stock drops a little and go sideways.

NVDA beats and guidance exceeds expectations, huge upside.",11,1731886268.0
Nvda free cash flow stagnated last quarter. Revenue was up but bottom line was flat. ,2,1731880820.0
the world's most valuable company will certainly have an impact on all 3 indexes either way. market broke ATH after earnings after we had a broader market sell off around September 5th off of inflation numbers and then J Pow confirming / subsequently cutting interest rates. Market would not have made ATH if NVDA never recovered quickly from low 100s back to 130-140 range.,1,1731689840.0
SMCI will not be delisted on Monday. the scam continues. more NVDA gpus to be sold to SMCI. NVDA to the moon.,5,1731788707.0
Last earnings they went down because some buffoons in wallstreet forcasted nvda beating earnings above their historical beat,7,1731698423.0
"pretty much everything is mooning today, which usually means NVDA even harder.

just because it's mooning today doesn't mean it cant break ATH after another beat",3,1732046521.0
I was researching calls as the W for NVDA. I hit a big W this week so I’m thinking a cheaper one such as VSTS,2,1732077545.0
Not too impressive tbh... for othrr companies this is great but wallstreet has NVDA on a much higher expectation. Hopefully they see something optimistic that im not. My calls are gonna open a new one ![img](emote|t5_2th52|31225),3,1732139977.0
Here’s to hoping. NVDA is a monster and looks good through year’s end regardless,1,1732138826.0
"Have you heard of this stock called NVDA? 

My brother's hairdresser's dog told him about it

He says it's going to the moon

It will definitely do that because that's what some random person told me it will do

I'm not even going to do any of my own research on it

I'm not even going to look through the rest of this thread to see what people have already been talking about

Think I might write a generic question asking what I should do with my own money to turn it into more...

Fuck, I'm glad I'm laid off with nothing to do because I just wasted a lot of time to tell you to not be so entitled",0,1732042847.0
"NVDA 4 trillion market cap incoming

Does anyone realize how many NVDA chips Elon Musk is buying??????????????????????????",1,1732049876.0
"Any other company show the same growth a year ago, or even earlier this year, and they’re up and away. NVDA does it and the market says “Nah you should’ve make a trillion dollars in revenue and cure cancer!!!”",7,1732147260.0
$NVDA baby,3,1731771030.0
"Just NVDA, I’m poor",1,1732043948.0
https://tools.optionsai.com/expected-move/NVDA,2,1731710512.0
"Lol long-dated NVDA puts seem absolutely regarded to me. If you don’t sell those now, you’ll be bleeding 2% a day for a long time. You’re basically betting on the AI bubble bursting. Sure, if you’re right, the gains would be insane, but let’s face it, you’re not :)",1,1732218789.0
"Typically, companies in the same area/industry move together. NVDA ER is likely to move TSM, MU and other top AI stocks. Target doing well indicates consumer spending going up which is also good for walmart going into the holiday season since lots of shoppers go to both walmart and target. Increased consumer spending is good for the whole discount retailer industry essentially",1,1732036485.0
