comment,score,created_utc
"Some implied moves for earnings next week( up or down degenerates) -136 companies reporting:

[$NVDA](https://x.com/search?q=%24NVDA&src=cashtag_click) 9.8%  
[$SNOW](https://x.com/search?q=%24SNOW&src=cashtag_click) 11.6%  
[$PANW](https://x.com/search?q=%24PANW&src=cashtag_click) 8.8%  
[$WMT](https://x.com/search?q=%24WMT&src=cashtag_click) 5.3%  
[$LOW](https://x.com/search?q=%24LOW&src=cashtag_click) 4.3%  
[$TGT](https://x.com/search?q=%24TGT&src=cashtag_click) 9.0%  
[$ESTC](https://x.com/search?q=%24ESTC&src=cashtag_click) 16.9%  
[$ROST](https://x.com/search?q=%24ROST&src=cashtag_click) 6.3%  
[$NTAP](https://x.com/search?q=%24NTAP&src=cashtag_click) 8.0%  
[$BIDU](https://x.com/search?q=%24BIDU&src=cashtag_click) 6.4%  
[$PDD](https://x.com/search?q=%24PDD&src=cashtag_click) 9.4%  
[$DE](https://x.com/search?q=%24DE&src=cashtag_click) 5.5%  
[$JACK](https://x.com/search?q=%24JACK&src=cashtag_click) 15.9%  
[$TJX](https://x.com/search?q=%24TJX&src=cashtag_click) 4.7%  
[$WIX](https://x.com/search?q=%24WIX&src=cashtag_click) 13.3%  
[$DY](https://x.com/search?q=%24DY&src=cashtag_click) 14.4%  
[$WSM](https://x.com/search?q=%24WSM&src=cashtag_click) 13.7%  
[$INTU](https://x.com/search?q=%24INTU&src=cashtag_click) 5.5%  
[$GAP](https://x.com/search?q=%24GAP&src=cashtag_click) 13.2%  
[$CPRT](https://x.com/search?q=%24CPRT&src=cashtag_click) 7.2%   
[$MDT](https://x.com/search?q=%24MDT&src=cashtag_click) 3.7%  
[$ZTO](https://x.com/search?q=%24ZTO&src=cashtag_click) 11.0%  
[$NIO](https://x.com/search?q=%24NIO&src=cashtag_click) 11.8%  
[$FUTU](https://x.com/search?q=%24FUTU&src=cashtag_click) 10.1%  
[$XPEV](https://x.com/search?q=%24XPEV&src=cashtag_click) 11.2%  
[$SCVL](https://x.com/search?q=%24SCVL&src=cashtag_click) 13.3%  
[$SYM](https://x.com/search?q=%24SYM&src=cashtag_click) 19.7%",81,1731858258.0
"since I just did the work; you can copy paste this into a notepad file, save and import to tradingview watchlist for all the tickers in order of earnings:

NASDAQ:BTBT,NASDAQ:BTDR,NASDAQ:EH,NYSE:BRC,NASDAQ:TWST,NASDAQ:MOND,NASDAQ:CLRB,NASDAQ:SYM,NASDAQ:TCOM,NYSE:BRBR,NYSE:TUYA,NYSE:ACM,NASDAQ:ZENV,NASDAQ:IIIV,NASDAQ:NRXP,NYSE:WMT,NASDAQ:WKHS,NYSE:LOW,NYSE:XPEV,NYSE:MDT,NASDAQ:FUTU,NYSE:VIPS,NYSE:VIK,NASDAQ:ATAT,NYSE:MYTE,NASDAQ:POWL,NYSE:AZEK,NYSE:KEYS,NYSE:ZTO,NYSE:LZB,NYSE:KORE,NYSE:DLB,NYSE:DNMR,NASDAQ:SBLK,NASDAQ:QFIN,NYSE:NIO,NYSE:TGT,NYSE:ZIM,NYSE:TJX,NASDAQ:WIX,NYSE:DY,NYSE:WSM,NYSE:BERY,NASDAQ:GLBE,NYSE:RERE,NASDAQ:NVDA,NYSE:SNOW,NASDAQ:PANW,NASDAQ:JACK,NYSE:CPA,NYSE:SQM,NYSE:MMS,NYSE:CCIF,NASDAQ:ESEA,NYSE:BBAR,NASDAQ:BIDU,NASDAQ:PDD,NYSE:DE,NYSE:BJ,NYSE:VSTS,NASDAQ:WMG,NYSE:BEKE,NASDAQ:IQ,NASDAQ:NNOX,NASDAQ:SCVL,NASDAQ:INTU,NYSE:ESTC,NYSE:GAP,NASDAQ:ROST,NASDAQ:NTAP,NASDAQ:CPRT,NYSE:UGI,NASDAQ:MATW,NYSE:NGVC,NASDAQ:LGTY,NYSE:GB,NASDAQ:ADXN

  
[https://www.tradingview.com/support/solutions/43000487233-how-to-import-or-export-watchlist/](https://www.tradingview.com/support/solutions/43000487233-how-to-import-or-export-watchlist/)

  
I know... I know.... only NVDA matters ![img](emote|t5_2th52|4260)",69,1731689397.0
"**Summary for Weekly Earnings Thread 11/18 - 11/22**

1️⃣ **Market Vibe Check**: 📉 The sentiment is mixed but leaning bearish ahead of major earnings reports next week, with traders on edge about NVDA's upcoming release setting the tone for tech. Concerns over inflation and macroeconomic indicators are also adding to caution.

2️⃣ **Top Stock Plays**: 
- **[$NVDA](https://x.com/search?q=%24NVDA&src=cashtag_click)**: 🎢 High anticipation; expecting volatility. If they beat, bulls could charge, but a miss could send shockwaves.
- **[$WMT](https://x.com/search?q=%24WMT&src=cashtag_click)**: 🎯 Calls are popular; traders are banking on holiday sales driving a 90 strike jump post-earnings. Watch for consumer sentiment.
- **[$SNOW](https://x.com/search?q=%24SNOW&src=cashtag_click)**: ❄️ Mixed feelings; historically volatile post-earnings. Expecting a possible bounce but high risk due to recent downgrades.
- **[$PANW](https://x.com/search?q=%24PANW&src=cashtag_click)**: 🔒 Buzz around calls; history shows the stock dips post-earnings despite beating.

3️⃣ **Rising Stars**: 
- **[$SYM](https://x.com/search?q=%24SYM&src=cashtag_click)**: 🚀 Surging mentions; potential breakout play, currently gaining momentum.
- **[$ZTO](https://x.com/search?q=%24ZTO&src=cashtag_click)**: 📦 Increasing chatter as interest builds; traders looking for a dip buy opportunity based on earnings.

4️⃣ **Hidden Gems**: 
- **[$JACK](https://x.com/search?q=%24JACK&src=cashtag_click)**: 🍔 Strong positive vibes from recent earnings; could attract more attention post-earnings.
- **[$GAP](https://x.com/search?q=%24GAP&src=cashtag_click)**: 👖 Possible recovery play; analysts hint at potential upside after recent underperformance.

5️⃣ **Forecast & Actionable Insights**: 
- **$NVDA**: ⚠️ If you're risking it, consider a straddle to capitalize on expected volatility; timing is key. Maybe grab puts if you're bearish.
- **$WMT**: 💡 Lock in some profits from calls pre-earnings; market seems to expect a pop, but be prepared for a sell-off.
- **$SNOW**: ☃️ Short puts might be a way to capitalize on a rebound if the market gives it a bump after earnings.
- **Diversify**: 🌪️ Keep an eye on correlated tech stocks like $MU for hedging NVDA plays to manage risk better.

[View Discussion](https://i.redd.it/81m4ue5uy21e1.jpeg)",179,1731897923.0
snow calls ❄️,22,1731683889.0
"Was looking at SNOW calls this afternoon, checked the chart, thought ""this looks primed to rip.""

And then did NOTHING.

But had I bought calls we'd be -18% rn.",20,1732140536.0
"Record: 0-4

Last pick: SNOW puts ❌

Next pick: PDD puts",15,1732167883.0
#Just buy $SNOW everyone thinks it’ll go down,14,1732116909.0
LET IT SNOW ❄️,13,1732137302.0
SNOW!!! ![img](emote|t5_2th52|4276),14,1732146016.0
I bought 6k worth of snow 145 calls yesterday. Now I wish I bought more 😞😞,12,1732140368.0
SNOW is gonna pump,10,1731704687.0
Snowflake launching a rocket 🚀,10,1732136935.0
Congrats to SNOW,9,1732138943.0
Who got snow calls,10,1732168487.0
SNOW 🎉🎉🎉 Finally a good ER 🙌 Up over 13% 🙌,8,1732137463.0
"How can you not bet on $snow in this sub?

Would be like not betting on $hookers",8,1732151867.0
#tis the season to be $SNOW ing,9,1732197573.0
"SNOW calls

all the ai stocks going up recently",15,1731794455.0
In for SNOW to go up. My bet is Massively undervalued and huge AI play - people need to use it as the storage layer for big data!,7,1731716190.0
Snow calls,6,1731716483.0
Snow or Nvidia calls?,6,1732111062.0
Damn SNOW crushed,7,1732140146.0
IT'S SNOWING.,5,1732136741.0
"Let it snow, bitches.",6,1732136941.0
IDK when Nvidia ER coming but SNOW going up and up.,6,1732137212.0
SNOWman in the building!,7,1732137444.0
"Okay so WMT calls, SNOW calls",11,1731891177.0
Someone please tell me if SNOW is actually bullish and not some big mistake,5,1731885710.0
Whats the prediction for snow ?,5,1732133045.0
Oh hell yeah snow!,5,1732136972.0
Let it SNOW let it SNOW let it SNOW ❄️❄️❄️,8,1732140830.0
What are we thinking about SNOW,4,1731696651.0
"You guys think NVDA gonna set the market? 

Also does SNOW always fall on earnings wtf? Seems like every earnings this year they've tanked",4,1731709881.0
#$SNOW the way,4,1732131305.0
"SNOW showing up NVDA, embarrassing ![img](emote|t5_2th52|31225)",3,1732137566.0
"Got out of my MU calls which was smart.

Got out of my SNOW calls which was dumb.",4,1732137763.0
Glad I fomod into snow 140c at 3:59pm ![img](emote|t5_2th52|4276),7,1732137730.0
Who bought snow calls? 15x now! Thought about it but didn’t have enough money to risk! I am the loser,5,1732206297.0
"damn I had target calls that blew up this morning and now I got panw and snow puts, at least panw will make a little back",3,1732140859.0
"my put for this week: SNOW, my call: MDT",3,1731774271.0
Snow puts. Too bullish in here. Can’t be wrong 3 times,6,1732133241.0
Holy fuk SNOW LOL ![img](emote|t5_2th52|4267)![img](emote|t5_2th52|4271)![img](emote|t5_2th52|4276),2,1732139159.0
I need a consensus on SNOW so I can inverse. Calls or puts?,3,1731933432.0
I say puts SNOW just because I never use non google cloud storage in my day to day life,4,1732119331.0
Thoughts on Snowflake? What are the chances for a stock price recovery?,1,1731821444.0
PANW calls. SNOW puts,1,1732100455.0
PANW PUTS. SNOW CALLS,2,1732075515.0
the premiums for snow are nuts.,1,1731996226.0
Snow calls ( dec 20th) 170. Thank rddt later,3,1732125013.0
"Yeah, but their stock based compensation is out of control. $1.29B in the last 12 months. And they haven’t been able to support their nosebleed valuation with slowing growth. I think SNOW could trade sideways for a while before they grow into their valuation.",3,1731725152.0
Hopefully the snow turns into a big juicy SNOWBALL and keeps getting bigger![img](emote|t5_2th52|4276),2,1732140263.0
"SNOW calls is a bad idea, they have been trending down since the AT&T breach, Google trends, snowflake login",5,1731895127.0
Snow lands on top!,1,1732153126.0
"I got x11 90C 12/20 when calls price was at $0.40 My plan is to sell after earnings if it goes up decently. The problem with holding til December to see if it goes higher it’s the gains being burned by theta. Remember Walmart is not known for being volatile, when you see gains you sell and then start again with a farthest date, doing the snowball effect with the gains. 

If you’re taking long calls, you should sell when u see at least +100% gains and then roll position. I've been doing this since Walmart was at $50~ and it worked for me. 

You can always buy shares as hedge, Walmart is very promising and decent.",2,1731875259.0
"im in SNOW, PANW, ZIM, TGT, and WSM",3,1732096536.0
Will try to ride snow to grind some quick gains,2,1732153057.0
this one will most likely hit for you. Ive been watching snow. Its due for a nice dump,0,1732127286.0
"Damn! I sold all my snow (investment + gains) into nvdia, good amount in stocks. Don't know I have the energy to hustle in the morning anymore. Good luck to you, hope you make some gains.",2,1732153176.0
SNOW party baby 200$ eow,1,1732139779.0
"![img](emote|t5_2th52|4260)

Not sure if any more juice left in snow for this week. Long term, yes.",1,1732153491.0
