comment,score,created_utc
"Some implied moves for earnings next week( up or down degenerates) -136 companies reporting:

[$NVDA](https://x.com/search?q=%24NVDA&src=cashtag_click) 9.8%  
[$SNOW](https://x.com/search?q=%24SNOW&src=cashtag_click) 11.6%  
[$PANW](https://x.com/search?q=%24PANW&src=cashtag_click) 8.8%  
[$WMT](https://x.com/search?q=%24WMT&src=cashtag_click) 5.3%  
[$LOW](https://x.com/search?q=%24LOW&src=cashtag_click) 4.3%  
[$TGT](https://x.com/search?q=%24TGT&src=cashtag_click) 9.0%  
[$ESTC](https://x.com/search?q=%24ESTC&src=cashtag_click) 16.9%  
[$ROST](https://x.com/search?q=%24ROST&src=cashtag_click) 6.3%  
[$NTAP](https://x.com/search?q=%24NTAP&src=cashtag_click) 8.0%  
[$BIDU](https://x.com/search?q=%24BIDU&src=cashtag_click) 6.4%  
[$PDD](https://x.com/search?q=%24PDD&src=cashtag_click) 9.4%  
[$DE](https://x.com/search?q=%24DE&src=cashtag_click) 5.5%  
[$JACK](https://x.com/search?q=%24JACK&src=cashtag_click) 15.9%  
[$TJX](https://x.com/search?q=%24TJX&src=cashtag_click) 4.7%  
[$WIX](https://x.com/search?q=%24WIX&src=cashtag_click) 13.3%  
[$DY](https://x.com/search?q=%24DY&src=cashtag_click) 14.4%  
[$WSM](https://x.com/search?q=%24WSM&src=cashtag_click) 13.7%  
[$INTU](https://x.com/search?q=%24INTU&src=cashtag_click) 5.5%  
[$GAP](https://x.com/search?q=%24GAP&src=cashtag_click) 13.2%  
[$CPRT](https://x.com/search?q=%24CPRT&src=cashtag_click) 7.2%   
[$MDT](https://x.com/search?q=%24MDT&src=cashtag_click) 3.7%  
[$ZTO](https://x.com/search?q=%24ZTO&src=cashtag_click) 11.0%  
[$NIO](https://x.com/search?q=%24NIO&src=cashtag_click) 11.8%  
[$FUTU](https://x.com/search?q=%24FUTU&src=cashtag_click) 10.1%  
[$XPEV](https://x.com/search?q=%24XPEV&src=cashtag_click) 11.2%  
[$SCVL](https://x.com/search?q=%24SCVL&src=cashtag_click) 13.3%  
[$SYM](https://x.com/search?q=%24SYM&src=cashtag_click) 19.7%",82,1731858258.0
"since I just did the work; you can copy paste this into a notepad file, save and import to tradingview watchlist for all the tickers in order of earnings:

NASDAQ:BTBT,NASDAQ:BTDR,NASDAQ:EH,NYSE:BRC,NASDAQ:TWST,NASDAQ:MOND,NASDAQ:CLRB,NASDAQ:SYM,NASDAQ:TCOM,NYSE:BRBR,NYSE:TUYA,NYSE:ACM,NASDAQ:ZENV,NASDAQ:IIIV,NASDAQ:NRXP,NYSE:WMT,NASDAQ:WKHS,NYSE:LOW,NYSE:XPEV,NYSE:MDT,NASDAQ:FUTU,NYSE:VIPS,NYSE:VIK,NASDAQ:ATAT,NYSE:MYTE,NASDAQ:POWL,NYSE:AZEK,NYSE:KEYS,NYSE:ZTO,NYSE:LZB,NYSE:KORE,NYSE:DLB,NYSE:DNMR,NASDAQ:SBLK,NASDAQ:QFIN,NYSE:NIO,NYSE:TGT,NYSE:ZIM,NYSE:TJX,NASDAQ:WIX,NYSE:DY,NYSE:WSM,NYSE:BERY,NASDAQ:GLBE,NYSE:RERE,NASDAQ:NVDA,NYSE:SNOW,NASDAQ:PANW,NASDAQ:JACK,NYSE:CPA,NYSE:SQM,NYSE:MMS,NYSE:CCIF,NASDAQ:ESEA,NYSE:BBAR,NASDAQ:BIDU,NASDAQ:PDD,NYSE:DE,NYSE:BJ,NYSE:VSTS,NASDAQ:WMG,NYSE:BEKE,NASDAQ:IQ,NASDAQ:NNOX,NASDAQ:SCVL,NASDAQ:INTU,NYSE:ESTC,NYSE:GAP,NASDAQ:ROST,NASDAQ:NTAP,NASDAQ:CPRT,NYSE:UGI,NASDAQ:MATW,NYSE:NGVC,NASDAQ:LGTY,NYSE:GB,NASDAQ:ADXN

  
[https://www.tradingview.com/support/solutions/43000487233-how-to-import-or-export-watchlist/](https://www.tradingview.com/support/solutions/43000487233-how-to-import-or-export-watchlist/)

  
I know... I know.... only NVDA matters ![img](emote|t5_2th52|4260)",67,1731689397.0
"**Summary for Weekly Earnings Thread 11/18 - 11/22**

1️⃣ **Market Vibe Check**: 📉 The sentiment is mixed but leaning bearish ahead of major earnings reports next week, with traders on edge about NVDA's upcoming release setting the tone for tech. Concerns over inflation and macroeconomic indicators are also adding to caution.

2️⃣ **Top Stock Plays**: 
- **[$NVDA](https://x.com/search?q=%24NVDA&src=cashtag_click)**: 🎢 High anticipation; expecting volatility. If they beat, bulls could charge, but a miss could send shockwaves.
- **[$WMT](https://x.com/search?q=%24WMT&src=cashtag_click)**: 🎯 Calls are popular; traders are banking on holiday sales driving a 90 strike jump post-earnings. Watch for consumer sentiment.
- **[$SNOW](https://x.com/search?q=%24SNOW&src=cashtag_click)**: ❄️ Mixed feelings; historically volatile post-earnings. Expecting a possible bounce but high risk due to recent downgrades.
- **[$PANW](https://x.com/search?q=%24PANW&src=cashtag_click)**: 🔒 Buzz around calls; history shows the stock dips post-earnings despite beating.

3️⃣ **Rising Stars**: 
- **[$SYM](https://x.com/search?q=%24SYM&src=cashtag_click)**: 🚀 Surging mentions; potential breakout play, currently gaining momentum.
- **[$ZTO](https://x.com/search?q=%24ZTO&src=cashtag_click)**: 📦 Increasing chatter as interest builds; traders looking for a dip buy opportunity based on earnings.

4️⃣ **Hidden Gems**: 
- **[$JACK](https://x.com/search?q=%24JACK&src=cashtag_click)**: 🍔 Strong positive vibes from recent earnings; could attract more attention post-earnings.
- **[$GAP](https://x.com/search?q=%24GAP&src=cashtag_click)**: 👖 Possible recovery play; analysts hint at potential upside after recent underperformance.

5️⃣ **Forecast & Actionable Insights**: 
- **$NVDA**: ⚠️ If you're risking it, consider a straddle to capitalize on expected volatility; timing is key. Maybe grab puts if you're bearish.
- **$WMT**: 💡 Lock in some profits from calls pre-earnings; market seems to expect a pop, but be prepared for a sell-off.
- **$SNOW**: ☃️ Short puts might be a way to capitalize on a rebound if the market gives it a bump after earnings.
- **Diversify**: 🌪️ Keep an eye on correlated tech stocks like $MU for hedging NVDA plays to manage risk better.

[View Discussion](https://i.redd.it/81m4ue5uy21e1.jpeg)",180,1731897923.0
 SYM up 💪,11,1731963730.0
"SYM 18% shorted, 49% short volume. low float. up 30% AH… can we?",10,1731965992.0
"WMT beats, SYM hitting 45 tomorrow opening",9,1731981234.0
SYM calls anyone?,6,1731688851.0
SYM dumped last earnings. Gotta go up now right,8,1731908195.0
"Thank you SYM. Thank you, let’s see 25 to 30% by tomorrow opening and I can sleep well",6,1731964813.0
SYM up 30% on earnings,6,1732019564.0
SYM,4,1731976954.0
Well should I throw $1k at SYM,6,1731933762.0
If you want to get your comments through don’t add a ticker symbol,3,1732136943.0
how is SYM up to much after missing,1,1731998383.0
AMZN having a poopie day cause of TEMU sympathy?,1,1732207934.0
"genuine newbie question... can someone tell me why SYM went up 25% but the value of my call option didnt go up at all? 

is it cuz i picked too high of a strike price?",-6,1732045609.0
SYM puts,-6,1731962139.0
20% on sym holy shite,8,1731872177.0
how is SYM rallying after missing,1,1731998483.0
SYM breaking 40 tmrw,4,1731965530.0
Sym needs to break 40 again,1,1732028293.0
I'm long SYM. Looks good to me at the moment going into close. Do you though!,2,1731962839.0
