Headline,Date
Intuit (INTU) Reports Q1 Earnings: What Key Metrics Have to Say,2024-11-21 18:21:57
"Intuit Stock Falls on Weaker Guidance, but CEO Downplays Fears of Free U.S. Tax App",2024-11-21 18:21:57
"Intuit Beats Fiscal Q1 Targets Buts Guides Low For Current Quarter, Full Year",2024-11-21 18:21:57
Intuit (INTU) Beats Q1 Earnings and Revenue Estimates,2024-11-21 18:21:57
Intuit Maintains Full Year Guidance; CEO Says Trump Administration Won’t Build Tax-Filing App,2024-11-21 18:21:57
Intuit's Stock Drops as Its Outlook Disappoints,2024-11-21 18:21:57
"Intuit Beats First-Quarter Sales Views on QuickBooks, Credit Karma Gains",2024-11-21 18:21:57
Intuit’s (NASDAQ:INTU) Q3: Beats On Revenue But Stock Drops,2024-11-21 18:21:57
Intuit: Fiscal Q1 Earnings Snapshot,2024-11-21 18:21:57
Intuit Falls After Giving Tepid Outlook Despite New AI Tools,2024-11-21 18:21:57
Intuit's quarterly forecasts disappoint as delayed promotions weigh on growth,2024-11-21 18:21:57
Intuit Reports Strong First Quarter Results and Reiterates Full Year Guidance,2024-11-21 18:21:57
How To Earn $500 A Month From Intuit Stock Ahead Of Q1 Earnings,2024-11-21 18:21:57
Should You Be Adding Intuit (NASDAQ:INTU) To Your Watchlist Today?,2024-11-21 18:21:57
INTU Earnings: Buy this Big Tech Stock Before It Breaks Out to New Highs?,2024-11-20 18:21:57
"Intuit Launches AI-Powered Intuit Assist for QuickBooks, Giving Millions of Businesses a Competitive Edge",2024-11-20 18:21:57
Jim Cramer on Intuit Inc. (INTU): ‘How Can I Pull The Trigger On A Stock That’s So Close To Its High Yet So Far From Where It Was Just A Month Ago?’,2024-11-20 18:21:57
Intuit (INTU) To Report Earnings Tomorrow: Here Is What To Expect,2024-11-20 18:21:57
Intuit Stock Tumbles As Elon Musk's DOGE Commission Eyes Simple Tax-Filing App,2024-11-19 18:21:57
"Trump's DOGE considers tax app. Intuit, H&R Block shares sink.",2024-11-19 18:21:57
Intuit and H&R Block stocks tank because Elon Musk's DOGE wants to simplify tax filing,2024-11-19 18:21:57
Intuit and H&R block fall on report of ‘DOGE’ interest in tax app,2024-11-19 18:21:57
Musk's Bold Tax Revolution: Challenges For Intuit's TurboTax Empire,2024-11-19 18:21:57
Insights Into Intuit (INTU) Q1: Wall Street Projections for Key Metrics,2024-11-18 18:21:57
