Headline,Date
Will KEYS Stock Aid From the Launch of Trade Monitoring Solution?,2024-11-21 18:23:03
Keysight to Participate in Upcoming Investor Conferences,2024-11-21 18:23:03
Keysight Technologies price target raised to $200 from $180 at Barclays,2024-11-21 18:23:03
Keysight Technologies price target raised to $180 from $175 at Deutsche Bank,2024-11-21 18:23:03
"These Stocks Moved the Most Today: Nvidia, Target, Super Micro, Williams-Sonoma, Keysight, Fabrinet, Ford, and More",2024-11-20 18:23:03
Why Is Keysight (KEYS) Stock Rocketing Higher Today,2024-11-20 18:23:03
Keysight Technologies Soars to 52-Week High on Strong Earnings and 2025 Guidance,2024-11-20 18:23:03
Keysight and Instrumentix Partner to Launch Complete Trade Monitoring Solution for Financial Markets,2024-11-20 18:23:03
"KEYS Q4 Earnings Top Estimate, Top Line Down on Weakness in Automotive",2024-11-20 18:23:03
Q4 2024 Keysight Technologies Inc Earnings Call,2024-11-20 18:23:03
Keysight Stock Rises Sharply. Here’s Why.,2024-11-20 18:23:03
Keysight Issues Upbeat Outlook as Fiscal Fourth-Quarter Results Top Estimates,2024-11-20 18:23:03
Keysight Technologies Inc (KEYS) Q4 2024 Earnings Call Highlights: Navigating Challenges with ...,2024-11-20 18:23:03
"Keysight Technologies, Inc. (KEYS): Unveils AI-Enhanced EDA Software Portfolio to Revolutionize Next-Gen Technology Design",2024-11-20 18:23:03
Keysight (KEYS) Reports Q4 Earnings: What Key Metrics Have to Say,2024-11-19 18:23:03
Keysight (KEYS) Q4 Earnings and Revenues Beat Estimates,2024-11-19 18:23:03
Keysight: Fiscal Q4 Earnings Snapshot,2024-11-19 18:23:03
"Keysight (NYSE:KEYS) Posts Better-Than-Expected Sales In Q3, Stock Jumps 10.2%",2024-11-19 18:23:03
Keysight Technologies Reports Fourth Quarter and Fiscal Year 2024 Results,2024-11-19 18:23:03
Spectra7 and Keysight to Demonstrate Robust Performance Testing of 800Gbps Active Copper Interconnects at SC24,2024-11-19 18:23:03
Keysight Introduces Electronic Design Automation Software Suite Amplifying Designer Productivity with AI,2024-11-18 18:23:03
KEYS' Solutions to Support Microelectronics Commons Initiative,2024-11-18 18:23:03
What To Expect From Keysight’s (KEYS) Q3 Earnings,2024-11-18 18:23:03
The total return for Keysight Technologies (NYSE:KEYS) investors has risen faster than earnings growth over the last five years,2024-11-17 18:23:03
