Headline,Date
"TD Cowen Raises Palo Alto Networks, Inc. (PANW) Price Target to $420, Citing Strong ARR Growth and AI-Driven Innovations",2024-11-21 18:04:12
Palo Alto Networks Stock Gets RS Rating Upgrade,2024-11-21 18:04:12
"Palo Alto Networks Tops Estimates, Announces Stock Split",2024-11-21 18:04:12
"Palo Alto Drops 3% Despite Strong Q1, Analysts See Long-Term Upside",2024-11-21 18:04:12
"Palo Alto Networks beats Q1 estimates, while guidance disappoints",2024-11-21 18:04:12
Palo Alto Q1 Earnings Beat: Can Strong Guidance Lift the Stock?,2024-11-21 18:04:12
Q1 2025 Palo Alto Networks Inc Earnings Call,2024-11-21 18:04:12
Wells Fargo lifts target price on Palo Alto even as stock dip post results,2024-11-21 18:04:12
"The Zacks Analyst Blog Highlights Target, TJX, NVIDIA, Palo Alto Networks and Snowflake",2024-11-21 18:04:12
Palo Alto Stock Is Falling After Earnings Beat. Why This Metric’s Worrying Analysts.,2024-11-21 18:04:12
Palo Alto Networks Fiscal Q1 Results Fuel Debate Over 'Platformization',2024-11-21 18:04:12
"Palo Alto Networks beats Q1 estimates, delivers in-line guidance; shares down",2024-11-21 18:04:12
Palo Alto Networks boasts as customers coalesce on its platforms,2024-11-21 18:04:12
Palo Alto Networks Inc (PANW) Q1 2025 Earnings Call Highlights: Strong Revenue Growth and ...,2024-11-21 18:04:12
Palo Alto Networks (PANW) Q1 2025 Earnings Call Transcript,2024-11-21 18:04:12
Palo Alto Networks Full-Year Guidance Disappoints; Shares Slip,2024-11-20 18:04:12
"NVIDIA Beats, After-Hours Yawns; PANW and SNOW Report, Too",2024-11-20 18:04:12
Palo Alto tops revenue and profit estimates on steady cybersecurity demand,2024-11-20 18:04:12
Palo Alto (PANW) Q1 Earnings: How Key Metrics Compare to Wall Street Estimates,2024-11-20 18:04:12
Palo Alto Networks' Q1 results were 'solid': Analyst,2024-11-20 18:04:12
Palo Alto Networks (PANW) Q1 Earnings and Revenues Top Estimates,2024-11-20 18:04:12
"Wedbush Reiterates Buy Rating on Palo Alto Networks, Inc. (PANW) with $400 Target Ahead of Q1 Earnings and AI-Driven Growth Prospects",2024-11-20 18:04:12
Palo Alto: Fiscal Q1 Earnings Snapshot,2024-11-20 18:04:12
Palo Alto Networks (NASDAQ:PANW) Surprises With Q3 Sales,2024-11-20 18:04:12
Palo Alto Networks Reports Fiscal First Quarter 2025 Financial Results,2024-11-20 18:04:12
"Jim Cramer on Palo Alto Networks, Inc. (PANW): ‘The Stock Has Sometimes Sold Off Badly When It Reports, Could Be An Opportunity’",2024-11-20 18:04:12
Palo Alto Networks price target raised to $450 from $400 at Jefferies,2024-11-20 18:04:12
"Palo Alto Networks, Inc. (PANW): Truist Raises Price Target to $425 on Strong Demand and Generative AI Potential",2024-11-20 18:04:12
"The Zacks Analyst Blog Highlights Palo Alto, Technology Select Sector SPDR Fund, Juniper Networks and Check Point Software",2024-11-19 18:04:12
Palo Alto Networks customers grapple with another actively exploited zero-day,2024-11-19 18:04:12
Palo Alto Networks (PANW): AI-Powered Cybersecurity Driving Strong Growth,2024-11-19 18:04:12
Earnings To Watch: Palo Alto Networks (PANW) Reports Q3 Results Tomorrow,2024-11-19 18:04:12
Should Palo Alto Stock be Part of Your Portfolio Ahead of Q1 Earnings?,2024-11-18 18:04:12
