Headline,Date
Q4 2024 Powell Industries Inc Earnings Call,2024-11-21 18:33:26
Powell Industries Inc (POWL) Q4 2024 Earnings Call Highlights: Record Revenue and Strategic ...,2024-11-21 18:33:26
Why Powell (POWL) Shares Are Trading Lower Today,2024-11-20 18:33:26
Why Powell (POWL) Stock Is Falling Today,2024-11-20 18:33:26
Powell Industries Faces Seasonally Slow Q1 Start After Mixed Q4; Stock Tanks,2024-11-20 18:33:26
"Powell Industries' Q4 Earnings Surpass Estimates, Increase Y/Y",2024-11-20 18:33:26
"Zacks Industry Outlook Highlights Zurn Elkay, Eaton, Emerson Electric and Powell Industries",2024-11-20 18:33:26
Powell Industries (POWL) Beats Q4 Earnings Estimates,2024-11-19 18:33:26
Powell Industries: Fiscal Q4 Earnings Snapshot,2024-11-19 18:33:26
"Powell (NASDAQ:POWL) Misses Q3 Revenue Estimates, Stock Drops",2024-11-19 18:33:26
Powell Industries Announces Fourth Quarter and Full Year Fiscal 2024 Results,2024-11-19 18:33:26
Earnings To Watch: Powell (POWL) Reports Q3 Results Tomorrow,2024-11-18 18:33:26
