Headline,Date
Symbotic Inc. (SYM): The AI Stock Investors Are Watching Closely,2024-11-20 18:45:33
Wall Street Analysts Think SYMBOTIC INC (SYM) Is a Good Investment: Is It?,2024-11-20 18:45:33
Symbotic price target raised to $48 from $40 at KeyBanc,2024-11-20 18:45:33
Why Symbotic earnings are sending the stock soaring over 25%,2024-11-19 18:45:33
"Symbotic Inc. (SYM): AI-Powered Warehouse Automation Drives Q4 Revenue Surge, Beats Estimates",2024-11-19 18:45:33
Symbotic Stock Rises 27%. Here’s Why the AI-Robot Company Is Surging.,2024-11-19 18:45:33
Q4 2024 Symbotic Inc Earnings Call,2024-11-19 18:45:33
Symbotic's Shares Soar 28.5% on Explosive AI Growth and Game-Changing Q4 Results,2024-11-19 18:45:33
Symbotic Inc (SYM) Q4 2024 Earnings Call Highlights: Record Revenue and Strategic Expansion,2024-11-19 18:45:33
Symbotic Inc. (SYM) Tops Q4 Earnings and Revenue Estimates,2024-11-18 18:45:33
Symbotic Reports Fourth Quarter and Fiscal Year 2024 Results,2024-11-18 18:45:33
