Headline,Date
Q3 Earnings Buzz: Target Stock Falls Nvidia Shares Flat,2024-11-21 18:46:24
Target's earnings miss isn't about the U.S. port strike. Here's what happened,2024-11-21 18:46:24
Why America's Favorite Department Store Could Be Your Favorite Dividend King Stock (TGT),2024-11-21 18:46:24
"Walmart wins, Target misses in mixed retail earnings report",2024-11-21 18:46:24
Zacks Earnings Trends Highlights: Target and Walmart,2024-11-21 18:46:24
"Trending tickers: Nvidia, Adani, Target, Baidu and JD Sports",2024-11-21 18:46:24
Target Corp (TGT) Q3 2024 Earnings Call Highlights: Navigating Growth Amidst Consumer Caution,2024-11-21 18:46:24
Q3 2024 Target Corp Earnings Call,2024-11-21 18:46:24
Target’s in Trouble. How it Could Turn Business Around.,2024-11-21 18:46:24
Target’s Wipeout Shows Why Walmart Stock Isn’t Too Expensive,2024-11-21 18:46:24
Walmart shoppers are showing Target how it's done,2024-11-21 18:46:24
Target flags startling customer behavior ahead of holidays,2024-11-21 18:46:24
Walmart & Target: A Closer Look at Retail Earnings,2024-11-20 18:46:24
Target Shares Tumble on Earnings Miss,2024-11-20 18:46:24
"'It's a Target problem,' look at Walmart's results: Analyst",2024-11-20 18:46:24
Target Sinks To New Low On Holiday Gloom After Huge Earnings Miss,2024-11-20 18:46:24
"Target’s Slow Rebound Frustrates Investors, Sends Shares Falling",2024-11-20 18:46:24
Why Target (TGT) Shares Are Getting Obliterated Today,2024-11-20 18:46:24
Why Target (TGT) Stock Is Trading Lower Today,2024-11-20 18:46:24
Target downgrades fourth-quarter sales expectation following sluggish Q3,2024-11-20 18:46:24
A Tale of Two Supply Chains: What Separated Walmart and Target in Q3,2024-11-20 18:46:24
Why Target Stock Is Getting Crushed Today,2024-11-20 18:46:24
Target Margins And Inventory Issues Raise Analyst Caution After Weak Q3 Performance,2024-11-20 18:46:24
"Target Shoppers Are Waiting to Buy, Questing for Deals, and Stocking Up",2024-11-20 18:46:24
Why Walmart's Stock Hit an All-Time High but Target's Slumped on Q3 Earnings,2024-11-20 18:46:24
Target (TGT) Q3 2024 Earnings Call Transcript,2024-11-20 18:46:24
Target just had its biggest earnings miss in years — and the stock plummets 21% to a 1-year-low,2024-11-20 18:46:24
Target Stock Is Having Its Worst Day in Years. Why Its Earnings Shocked Wall Street.,2024-11-20 18:46:24
"Target Misses Q3 Estimates, Faces Challenges with Lower Q4 Projections",2024-11-20 18:46:24
"Target stock hit with downgrades, analysts point to market share erosion",2024-11-20 18:46:24
Target Shares Plummet 20% After Q3 Earnings Miss Expectations,2024-11-20 18:46:24
What does Target's earnings miss signal for other retailers?,2024-11-20 18:46:24
"Stocks to Watch Wednesday: Nvidia, Target, NIO",2024-11-20 18:46:24
Walmart and Target: A Tale of Two Retailers,2024-11-20 18:46:24
"Target Misses Q3 Earnings & Sales Estimates, Issues Cautious Q4 View",2024-11-20 18:46:24
"Pre-markets Heading Lower; TGT, TJX Report Q3; NVDA After the Close",2024-11-20 18:46:24
Why Target (TGT) is a Top Momentum Stock for the Long-Term,2024-11-20 18:46:24
A Tale of Two Retail Giants: Target vs. Walmart,2024-11-20 18:46:24
Target sounds the alarm bell on holiday shopping,2024-11-20 18:46:24
"Target stock sinking on Q3 earnings, sales miss: What to know",2024-11-20 18:46:24
Target Stock Heads Toward Worst Day in Two Years,2024-11-20 18:46:24
"Nvidia earnings, Target stock hit, Comcast spinoff: 3 Things",2024-11-20 18:46:24
Target stock is falling: Price slashing may not be enough to improve 2024 holiday sales,2024-11-20 18:46:24
Target stock crashing on earnings: 3 problems the retailer faces,2024-11-20 18:46:24
"Target Q3 Earnings: Supply Chain Chaos Hits Bottomline, Slashes Annual Profit Outlook, Stock Tanks",2024-11-20 18:46:24
"Target misses Q3 earnings expectations, lowers guidance",2024-11-20 18:46:24
Jim Cramer on Target Corporation (TGT): ‘People Are So Worried About Tariffs That You Might Want To Wait And See With This One’,2024-11-20 18:46:24
Target Stock Slumps To Lowest Point in Year on Weaker-Than-Expected Results,2024-11-20 18:46:24
Target Stock Loses $15.8B in Market Cap as Weak Discretionary Sales Hit Q3 Profits,2024-11-20 18:46:24
"Target (NYSE:TGT) Misses Q3 Revenue Estimates, Stock Drops 21.2%",2024-11-20 18:46:24
Target: Fiscal Q3 Earnings Snapshot,2024-11-20 18:46:24
Target shares slide 21% as retailer expects stagnant holiday quarter sales,2024-11-20 18:46:24
Target CEO 'guiding for some conservatism' as the retailer misses earnings estimates ahead of the holidays,2024-11-20 18:46:24
Target Corporation Reports Third Quarter Earnings,2024-11-20 18:46:24
Target earnings are today. Here's what to watch,2024-11-20 18:46:24
"Buy, Hold or Sell Target Stock: Key Tips Ahead of Q3 Earnings",2024-11-19 18:46:24
How To Earn $500 A Month From Target Stock Ahead Of Q3 Earnings,2024-11-19 18:46:24
What Analysts Think of Target Stock Ahead of Earnings,2024-11-19 18:46:24
"Target Corporation to Webcast 3rd Quarter Earnings Conference Call on Wednesday, November 20, 2024",2024-11-19 18:46:24
"The Zacks Analyst Blog Highlights Amazon.com, Abercrombie & Fitch, Target and Carvana",2024-11-19 18:46:24
Target’s supply chain investments power holiday season ambitions,2024-11-19 18:46:24
Target (TGT) Q3 Earnings: What To Expect,2024-11-19 18:46:24
Time to Buy Walmart or Target Stock as Q3 Earnings Approach?,2024-11-18 18:46:24
Here's Why Target (TGT) is a Strong Growth Stock,2024-11-18 18:46:24
"Earnings in Focus: How Lowe’s, Target, and Nvidia Navigated Q3 Challenges",2024-11-18 18:46:24
"Walmart, Target, Amazon and Lowe's are part of Zacks Earnings Preview",2024-11-18 18:46:24
"1 Stock to Buy, 1 Stock to Sell This Week: Nvidia, Target",2024-11-17 18:46:24
Is Target Corporation (TGT) the Best Department Store Stock to Buy According to Hedge Funds?,2024-11-17 18:46:24
