Headline,Date
"Walmart wins, Target misses in mixed retail earnings report",2024-11-21 18:47:36
Walmart makes convenience a priority as it grows e-commerce market share,2024-11-21 18:47:36
"Walmart, Target, and Aldi's Thanksgiving deals",2024-11-21 18:47:36
"Walmart Appears Poised to Weather Trump Tariffs Better Than Competitors, Analysts Say",2024-11-21 18:47:36
Zacks Earnings Trends Highlights: Target and Walmart,2024-11-21 18:47:36
Walmart price target raised to $100 from $90 at Baird,2024-11-21 18:47:36
Target’s Wipeout Shows Why Walmart Stock Isn’t Too Expensive,2024-11-21 18:47:36
Walmart shoppers are showing Target how it's done,2024-11-21 18:47:36
Walmart & Target: A Closer Look at Retail Earnings,2024-11-20 18:47:36
"'It's a Target problem,' look at Walmart's results: Analyst",2024-11-20 18:47:36
"Amazon, Walmart and Costco Are Running Away With 46 Percent of Retail Growth",2024-11-20 18:47:36
A Tale of Two Supply Chains: What Separated Walmart and Target in Q3,2024-11-20 18:47:36
Why Walmart's Stock Hit an All-Time High but Target's Slumped on Q3 Earnings,2024-11-20 18:47:36
"Amazon, Walmart, and Target's top 10 Black Friday deals",2024-11-20 18:47:36
Walmart Stock Price Levels to Watch After Post-Earnings Surge to Record High,2024-11-20 18:47:36
"Walmart Beats on Q3 Earnings, Hikes Views: ETFs to Gain",2024-11-20 18:47:36
Walmart and Target: A Tale of Two Retailers,2024-11-20 18:47:36
Walmart slashes US delivery costs by 40% per order,2024-11-20 18:47:36
A Tale of Two Retail Giants: Target vs. Walmart,2024-11-20 18:47:36
"Uncertainty clouds holiday shopping season after mixed forecasts from Walmart, Target",2024-11-20 18:47:36
"Walmart CFO keeps eye on prices, tariffs",2024-11-20 18:47:36
Jim Cramer on Walmart Inc. (WMT): ‘You Only Have My Blessing To Put A Small Position On It’,2024-11-20 18:47:36
"Walmart’s automation boom means lower delivery costs and better careers, says CFO",2024-11-20 18:47:36
"Trending tickers: Nvidia, Nokia, Walmart, Volkswagen and British Land",2024-11-20 18:47:36
